First Name, Count
Jacob, 34460
Michael, 32024
Matthew, 28566
Joshua, 27526
Christopher, 24923
Nicholas, 24649
Andrew, 23627
Joseph, 22809
Daniel, 22300
Tyler, 21499
William, 20648
Brandon, 20334
Ryan, 20262
John, 20073
Zachary, 19848
David, 19742
Anthony, 19644
James, 17972
Justin, 17774
Alexander, 17278
Jonathan, 16873
Christian, 16050
Austin, 15941
Dylan, 15396
Ethan, 15221
Benjamin, 14836
Noah, 14260
Samuel, 14154
Robert, 13732
Nathan, 13027
Cameron, 12761
Kevin, 12665
Thomas, 12636
Jose, 12579
Hunter, 12534
Jordan, 12164
Kyle, 11964
Caleb, 9857
Jason, 9769
Logan, 9736
Aaron, 9548
Eric, 9153
Brian, 8952
Gabriel, 8677
Adam, 8131
Jack, 8121
Isaiah, 8026
Juan, 7707
Luis, 7655
Connor, 7527
Charles, 7523
Elijah, 7463
Isaac, 7427
Steven, 7350
Evan, 7330
Jared, 7320
Sean, 7315
Timothy, 7254
Luke, 7144
Cody, 7131
Nathaniel, 6798
Alex, 6744
Seth, 6714
Mason, 6516
Richard, 6349
Carlos, 6314
Angel, 6304
Patrick, 6293
Devin, 6152
Bryan, 6137
Cole, 5925
Jackson, 5903
Ian, 5886
Garrett, 5839
Trevor, 5744
Jesus, 5675
Chase, 5440
Adrian, 5334
Mark, 5223
Blake, 5142
Sebastian, 5026
Antonio, 4887
Lucas, 4818
Jeremy, 4735
Gavin, 4684
Miguel, 4668
Julian, 4589
Dakota, 4553
Alejandro, 4508
Jesse, 4480
Dalton, 4445
Bryce, 4318
Tanner, 4234
Kenneth, 4148
Stephen, 4131
Jake, 4085
Victor, 4048
Spencer, 4043
Marcus, 3794
Paul, 3787
Emily, 25953
Hannah, 23069
Madison, 19967
Ashley, 17994
Sarah, 17681
Alexis, 17627
Samantha, 17264
Jessica, 15701
Elizabeth, 15085
Taylor, 15078
Lauren, 14172
Alyssa, 13552
Kayla, 13310
Abigail, 13087
Brianna, 12873
Olivia, 12852
Emma, 12537
Megan, 11433
Grace, 11282
Victoria, 10921
Rachel, 10659
Anna, 10574
Sydney, 10242
Destiny, 9842
Morgan, 9502
Jennifer, 9386
Jasmine, 9092
Haley, 9067
Julia, 8764
Kaitlyn, 8757
Nicole, 8559
Amanda, 8549
Katherine, 8106
Natalie, 8093
Hailey, 7826
Alexandra, 7545
Savannah, 7096
Chloe, 7094
Rebecca, 7053
Stephanie, 7027
Maria, 6850
Sophia, 6560
Mackenzie, 6348
Allison, 6313
Isabella, 6242
Amber, 6182
Mary, 6179
Danielle, 6087
Gabrielle, 5867
Jordan, 5808
Brooke, 5640
Michelle, 5542
Sierra, 5519
Katelyn, 5501
Andrea, 5473
Madeline, 5370
Sara, 5314
Kimberly, 5240
Courtney, 5239
Erin, 5183
Brittany, 5180
Vanessa, 5133
Jenna, 5045
Jacqueline, 5035
Caroline, 5019
Faith, 4999
Makayla, 4916
Bailey, 4647
Paige, 4608
Shelby, 4557
Melissa, 4528
Kaylee, 4492
Christina, 4320
Trinity, 4282
Mariah, 4103
Caitlin, 4102
Autumn, 4024
Marissa, 4022
Breanna, 3823
Angela, 3821
Catherine, 3797
Zoe, 3784
Briana, 3755
Jada, 3747
Laura, 3730
Claire, 3710
Alexa, 3674
Kelsey, 3669
Kathryn, 3640
Leslie, 3619
Alexandria, 3547
Sabrina, 3465
Mia, 3449
Isabel, 3446
Molly, 3399
Leah, 3392
Katie, 3386
Gabriella, 3367
Cheyenne, 3366
Cassandra, 3304
